{
  "Peliculas": [
    {
      "titulo": "Drive",
      "direccion": "Nicolas Winding Refn",
      "cartela": "https://i.pinimg.com/1200x/97/5e/21/975e2116029a6670c63faf1d7fc28a89.jpg",
      "descripcion": "Drive (2011) es un thriller de acción y crimen dirigido por Nicolas Winding Refn. La película sigue a un conductor experto y mecánico en Los Ángeles, que trabaja como doble de riesgo en películas de cine y como conductor para criminales. Cuando se involucra con su vecina Irene y su hijo, se ve obligado a protegerlos después de un robo que sale mal, lo que desata una serie de violentos enfrentamientos. La película es conocida por su estilo visual estilizado, su banda sonora distintiva y la actuación contenida pero intensa de Ryan Gosling.",
      "interpretes": ["Ryan Gosling", "Carey Mulligan", "Oscar Isaac"],
      "taquilla": "81,000,0004$"
    }
  ]
}
